{"cameraMode":{"drawMode":0,"name":"Shaded","section":"Shading Mode"},"sceneLighting":true,"audioPlay":false,"sceneViewState":{"showFog":false,"showMaterialUpdate":false,"showSkybox":false,"showFlares":false,"showImageEffects":false,"showParticleSystems":true},"in2DMode":false,"pivot":{"x":122.58271789550781,"y":229.09555053710938,"z":74.34283447265625},"rotation":{"x":0.02489323727786541,"y":-0.013495407998561859,"z":0.00033607895602472126,"w":0.9995989799499512},"size":618.7431640625,"orthographic":false}