{"cameraMode":{"drawMode":0,"name":"Shaded","section":"Shading Mode"},"sceneLighting":true,"audioPlay":false,"sceneViewState":{"showFog":true,"showMaterialUpdate":false,"showSkybox":true,"showFlares":true,"showImageEffects":true,"showParticleSystems":true},"in2DMode":false,"pivot":{"x":301.54931640625,"y":301.7474670410156,"z":99.55633544921875},"rotation":{"x":0.096079520881176,"y":0.0409235917031765,"z":-0.003949079662561417,"w":0.9945241808891296},"size":584.9025268554688,"orthographic":true}