{"cameraMode":{"drawMode":0,"name":"Shaded","section":"Shading Mode"},"sceneLighting":true,"audioPlay":false,"sceneViewState":{"showFog":false,"showMaterialUpdate":false,"showSkybox":false,"showFlares":false,"showImageEffects":false,"showParticleSystems":true},"in2DMode":false,"pivot":{"x":-0.6695772409439087,"y":0.853347897529602,"z":0.40682724118232729},"rotation":{"x":0.08628649264574051,"y":-0.8999342918395996,"z":0.20796464383602143,"w":0.3733946979045868},"size":17.454513549804689,"orthographic":false}