{"cameraMode":{"drawMode":0,"name":"Shaded","section":"Shading Mode"},"sceneLighting":true,"audioPlay":false,"sceneViewState":{"showFog":true,"showMaterialUpdate":false,"showSkybox":true,"showFlares":true,"showImageEffects":true,"showParticleSystems":true},"in2DMode":false,"pivot":{"x":0.1578839272260666,"y":1.1666910648345948,"z":-5.622619152069092},"rotation":{"x":0.13635274767875672,"y":-0.7076363563537598,"z":0.1422031670808792,"w":0.6785551309585571},"size":13.262060165405274,"orthographic":true}