{"cameraMode":{"drawMode":0,"name":"Shaded","section":"Shading Mode"},"sceneLighting":true,"audioPlay":false,"sceneViewState":{"showFog":false,"showMaterialUpdate":false,"showSkybox":false,"showFlares":false,"showImageEffects":false,"showParticleSystems":true},"in2DMode":false,"pivot":{"x":0.5542768239974976,"y":0.6968132853507996,"z":-3.1535844802856447},"rotation":{"x":0.7155337333679199,"y":0.0031435582786798479,"z":-0.003219923237338662,"w":0.6985636949539185},"size":22.141738891601564,"orthographic":false}