{"cameraMode":{"drawMode":0,"name":"Shaded","section":"Shading Mode"},"sceneLighting":true,"audioPlay":false,"sceneViewState":{"showFog":true,"showMaterialUpdate":false,"showSkybox":true,"showFlares":true,"showImageEffects":true,"showParticleSystems":true},"in2DMode":false,"pivot":{"x":-0.9789004921913147,"y":1.563286542892456,"z":1.0223188400268555},"rotation":{"x":-0.16088296473026277,"y":0.4749501347541809,"z":-0.08879431337118149,"w":-0.8606129884719849},"size":11.580717086791993,"orthographic":true}